city,property_type,area_sqft,price_lakhs,price_per_sqft,property_age_years,floor_number,total_floors,location_score,listing_date,month_listed
Hyderabad,1BHK,527,37.18,8070,7,8,12,2,2023-09-19 01:30:33.941547,2023-09
Hyderabad,1BHK,716,42.04,5992,0,3,9,4,2024-03-12 01:30:33.941584,2024-03
Pune,1BHK,597,26.65,5693,20,18,24,4,2024-05-09 01:30:33.941596,2024-05
Pune,3BHK,1445,108.82,9715,24,6,19,6,2024-10-31 01:30:33.941604,2024-10
Delhi,2BHK,772,63.3,9135,12,4,15,6,2023-12-02 01:30:33.941613,2023-12
Bangalore,1BHK,703,56.52,7675,3,13,14,9,2024-10-15 01:30:33.941621,2024-10
Hyderabad,3BHK,1553,67.1,4499,2,2,23,4,2024-10-19 01:30:33.941628,2024-10
Mumbai,2BHK,520,61.86,13561,14,12,14,6,2024-08-13 01:30:33.941635,2024-08
Delhi,3BHK,1259,146.42,15143,20,3,22,3,2024-02-12 01:30:33.941641,2024-02
Hyderabad,2BHK,887,52.06,6254,8,18,21,6,2025-06-15 01:30:33.941648,2025-06
Delhi,1BHK,480,54.16,11288,2,7,25,6,2025-01-06 01:30:33.941655,2025-01
Hyderabad,4BHK,2346,168.91,9000,20,15,17,5,2025-03-22 01:30:33.941662,2025-03
Delhi,3BHK,1282,129.9,12609,18,13,18,4,2025-03-23 01:30:33.941668,2025-03
Pune,4BHK,1642,138.13,9034,3,5,25,3,2023-09-15 01:30:33.941675,2023-09
Chennai,1BHK,547,33.03,6502,14,17,21,9,2025-07-31 01:30:33.941681,2025-07
Hyderabad,1BHK,746,47.97,9001,24,9,19,2,2024-10-15 01:30:33.941687,2024-10
Chennai,2BHK,915,33.23,4913,23,9,25,3,2024-03-10 01:30:33.941694,2024-03
Mumbai,3BHK,1064,146.52,16667,19,7,11,6,2025-02-27 01:30:33.941700,2025-02
Pune,1BHK,608,39.18,6444,0,4,15,5,2024-12-09 01:30:33.941710,2024-12
Mumbai,2BHK,712,153.45,20363,2,16,17,9,2025-04-05 01:30:33.941717,2025-04
Delhi,4BHK,1962,154.86,9588,16,20,23,4,2024-02-06 01:30:33.941723,2024-02
Hyderabad,2BHK,986,49.15,5843,21,12,19,9,2024-05-06 01:30:33.941730,2024-05
Mumbai,2BHK,572,54.76,9768,0,19,23,4,2023-12-18 01:30:33.941736,2023-12
Delhi,1BHK,418,51.38,13496,1,8,10,1,2024-09-07 01:30:33.941742,2024-09
Mumbai,2BHK,593,104.4,17027,6,18,20,10,2023-12-30 01:30:33.941749,2023-12
Chennai,2BHK,926,75.05,8291,6,4,7,7,2024-08-14 01:30:33.941755,2024-08
Chennai,4BHK,2065,181.32,8528,1,4,5,7,2024-08-29 01:30:33.941762,2024-08
Mumbai,2BHK,558,51.97,11282,14,5,18,3,2024-10-30 01:30:33.941768,2024-10
Chennai,2BHK,701,42.48,6761,17,4,5,9,2025-07-27 01:30:33.941777,2025-07
Mumbai,2BHK,548,59.46,13876,15,7,19,1,2025-02-24 01:30:33.941783,2025-02
Chennai,1BHK,548,25.7,6013,25,15,19,7,2023-08-29 01:30:33.941790,2023-08
Hyderabad,4BHK,2025,92.18,4484,6,2,20,9,2025-06-10 01:30:33.941797,2025-06
Hyderabad,3BHK,1207,35.21,3575,15,17,25,3,2025-06-14 01:30:33.941804,2025-06
Pune,1BHK,491,22.21,4911,2,8,20,2,2024-01-06 01:30:33.941810,2024-01
Delhi,1BHK,558,42.8,8990,21,19,23,9,2024-09-22 01:30:33.941817,2024-09
Bangalore,2BHK,912,47.42,5909,12,5,25,5,2024-04-30 01:30:33.941823,2024-04
Bangalore,1BHK,482,32.72,7666,18,4,6,9,2025-01-05 01:30:33.941829,2025-01
Pune,3BHK,1063,105.21,10099,2,8,19,5,2025-03-03 01:30:33.941835,2025-03
Chennai,3BHK,1334,97.59,9032,25,17,17,9,2024-10-09 01:30:33.941842,2024-10
Hyderabad,1BHK,564,27.18,4969,3,18,20,5,2024-10-27 01:30:33.941849,2024-10
Pune,2BHK,852,41.33,5721,20,9,25,8,2024-11-27 01:30:33.941855,2024-11
Mumbai,1BHK,449,59.33,14082,8,2,2,6,2025-03-31 01:30:33.941861,2025-03
Hyderabad,3BHK,1276,78.61,8068,17,14,22,1,2025-04-19 01:30:33.941867,2025-04
Mumbai,2BHK,703,56.65,9432,11,19,23,3,2024-05-28 01:30:33.941873,2024-05
Delhi,1BHK,478,38.73,11025,25,2,13,4,2023-09-13 01:30:33.941879,2023-09
Delhi,1BHK,490,57.36,14016,13,20,25,3,2024-12-12 01:30:33.941886,2024-12
Delhi,2BHK,811,55.71,8578,23,11,23,7,2023-09-26 01:30:33.941894,2023-09
Hyderabad,2BHK,956,29.39,4284,22,4,16,1,2024-04-17 01:30:33.941901,2024-04
Delhi,2BHK,835,62.9,10917,25,8,15,1,2023-10-06 01:30:33.941908,2023-10
Delhi,4BHK,1736,191.18,10405,2,9,20,9,2024-06-28 01:30:33.941915,2024-06
Hyderabad,3BHK,1794,56.59,3429,8,6,24,5,2025-07-03 01:30:33.941921,2025-07
Mumbai,4BHK,1402,241.78,17742,10,14,23,9,2025-04-15 01:30:33.941927,2025-04
Chennai,2BHK,803,38.37,5086,13,1,17,9,2023-09-08 01:30:33.941933,2023-09
Hyderabad,2BHK,1021,49.8,6053,21,11,20,6,2023-10-02 01:30:33.941940,2023-10
Mumbai,3BHK,927,102.51,12711,13,11,17,5,2024-01-22 01:30:33.941946,2024-01
Delhi,2BHK,815,104.03,13187,12,6,25,10,2024-10-07 01:30:33.941952,2024-10
Chennai,1BHK,524,28.39,6105,13,19,23,6,2024-04-22 01:30:33.941958,2024-04
Chennai,4BHK,1779,94.01,7046,25,6,8,5,2024-03-02 01:30:33.941964,2024-03
Hyderabad,3BHK,1231,78.56,8569,24,8,17,4,2025-01-20 01:30:33.941972,2025-01
Delhi,1BHK,411,37.63,10162,15,20,20,8,2024-06-13 01:30:33.941978,2024-06
Hyderabad,2BHK,1034,57.18,6463,7,5,25,1,2025-04-24 01:30:33.941985,2025-04
Chennai,2BHK,759,45.08,8277,22,17,24,1,2024-01-19 01:30:33.941991,2024-01
Delhi,1BHK,516,45.69,9360,14,17,25,10,2024-09-21 01:30:33.941997,2024-09
Chennai,4BHK,2157,138.77,6772,5,16,23,5,2024-12-01 01:30:33.942004,2024-12
Hyderabad,3BHK,1679,125.62,8304,15,8,16,8,2025-05-24 01:30:33.942010,2025-05
Hyderabad,3BHK,1326,57.47,5016,10,18,19,3,2025-03-10 01:30:33.942017,2025-03
Delhi,4BHK,1556,209.76,13486,2,14,20,6,2024-02-03 01:30:33.942023,2024-02
Chennai,4BHK,1609,88.82,5768,13,13,25,10,2023-08-30 01:30:33.942029,2023-08
Mumbai,4BHK,1510,126.77,9070,11,10,22,7,2024-02-07 01:30:33.942036,2024-02
Hyderabad,2BHK,1103,46.67,4676,13,16,16,7,2024-09-01 01:30:33.942042,2024-09
Hyderabad,4BHK,2039,156.91,8713,4,20,24,1,2024-07-04 01:30:33.942048,2024-07
Pune,1BHK,463,34.17,8356,4,15,17,1,2024-11-18 01:30:33.942055,2024-11
Chennai,3BHK,1108,70.62,6809,10,13,17,7,2024-11-26 01:30:33.942061,2024-11
Mumbai,4BHK,1135,189.99,17988,1,12,15,2,2023-10-14 01:30:33.942068,2023-10
Mumbai,1BHK,370,41.31,11392,0,20,21,4,2025-04-04 01:30:33.942074,2025-04
Chennai,1BHK,598,43.84,8880,14,9,20,3,2023-11-30 01:30:33.942080,2023-11
Pune,1BHK,658,51.87,9415,9,4,22,1,2024-09-26 01:30:33.942086,2024-09
Pune,4BHK,1986,185.66,10148,6,3,21,4,2025-04-29 01:30:33.942093,2025-04
Hyderabad,3BHK,1735,92.14,7697,25,4,22,1,2024-08-21 01:30:33.942100,2024-08
Pune,4BHK,1956,79.95,4913,20,11,11,7,2024-03-28 01:30:33.942106,2024-03
Mumbai,4BHK,1416,194.38,16627,14,5,18,3,2024-02-24 01:30:33.942112,2024-02
Hyderabad,3BHK,1579,115.9,8503,17,16,23,7,2023-12-14 01:30:33.942118,2023-12
Bangalore,3BHK,1603,91.8,5963,2,9,23,4,2024-04-23 01:30:33.942124,2024-04
Pune,4BHK,1918,79.04,4672,10,6,21,4,2024-08-13 01:30:33.942130,2024-08
Bangalore,3BHK,1251,116.37,11042,22,9,9,9,2025-01-28 01:30:33.942136,2025-01
Mumbai,2BHK,646,77.34,14862,24,8,23,8,2024-05-10 01:30:33.942143,2024-05
Mumbai,1BHK,380,38.01,11659,22,8,17,10,2024-07-30 01:30:33.942149,2024-07
Chennai,3BHK,1228,98.15,9085,17,11,16,8,2024-11-07 01:30:33.942155,2024-11
Bangalore,3BHK,1221,61.54,4965,6,11,12,9,2023-09-05 01:30:33.942163,2023-09
Delhi,2BHK,710,96.77,13717,8,19,25,9,2023-12-09 01:30:33.942170,2023-12
Bangalore,1BHK,538,28.06,6369,11,6,15,1,2023-08-17 01:30:33.942176,2023-08
Pune,2BHK,814,36.93,4773,1,18,22,3,2023-10-28 01:30:33.942182,2023-10
Chennai,1BHK,443,28.08,7311,15,16,23,6,2025-02-04 01:30:33.942188,2025-02
Mumbai,3BHK,1104,219.53,19340,3,3,15,8,2025-05-28 01:30:33.942195,2025-05
Pune,1BHK,481,20.85,5395,18,10,12,4,2025-04-12 01:30:33.942201,2025-04
Pune,4BHK,1794,144.52,9154,12,15,22,5,2023-12-18 01:30:33.942207,2023-12
Chennai,3BHK,1310,78.07,7508,19,4,10,4,2024-11-14 01:30:33.942214,2024-11
Hyderabad,1BHK,572,21.0,4809,17,3,8,1,2024-06-19 01:30:33.942219,2024-06
Chennai,4BHK,1867,80.44,5037,9,10,24,2,2023-09-08 01:30:33.942226,2023-09
Delhi,3BHK,1303,141.57,14096,18,7,20,2,2024-02-01 01:30:33.942232,2024-02
Delhi,2BHK,736,103.51,14351,2,2,7,5,2023-12-11 01:30:33.942238,2023-12
Hyderabad,3BHK,1461,46.24,4058,22,10,22,5,2024-03-17 01:30:33.942245,2024-03
Pune,4BHK,2032,102.23,4982,1,14,25,6,2023-12-02 01:30:33.942251,2023-12
Bangalore,1BHK,507,21.49,5831,21,19,23,1,2023-09-23 01:30:33.942257,2023-09
Bangalore,1BHK,714,60.99,10050,15,17,24,5,2025-02-07 01:30:33.942263,2025-02
Pune,4BHK,2093,187.16,10314,15,12,18,6,2024-09-17 01:30:33.942269,2024-09
Hyderabad,1BHK,573,25.07,5393,22,16,20,7,2024-01-26 01:30:33.942276,2024-01
Mumbai,4BHK,1192,148.0,12774,10,4,16,9,2025-08-10 01:30:33.942282,2025-08
Hyderabad,4BHK,2369,75.98,3602,16,12,21,8,2023-11-10 01:30:33.942289,2023-11
Chennai,1BHK,497,30.45,6021,4,10,24,8,2025-04-09 01:30:33.942295,2025-04
Mumbai,2BHK,544,65.09,12729,0,18,24,2,2024-12-24 01:30:33.942301,2024-12
Mumbai,4BHK,1216,211.45,16772,4,16,20,9,2023-08-20 01:30:33.942307,2023-08
Bangalore,4BHK,2272,240.19,11841,7,15,23,3,2024-07-15 01:30:33.942314,2024-07
Delhi,2BHK,635,53.43,10388,25,14,19,9,2024-11-11 01:30:33.942320,2024-11
Mumbai,3BHK,1016,111.11,12582,18,19,24,8,2025-03-12 01:30:33.942326,2025-03
Chennai,4BHK,1928,97.79,6296,24,18,24,8,2024-09-16 01:30:33.942332,2024-09
Delhi,2BHK,892,77.15,11157,24,14,14,6,2024-04-14 01:30:33.942339,2024-04
Hyderabad,4BHK,2333,155.73,9674,25,5,20,1,2025-04-04 01:30:33.942345,2025-04
Pune,3BHK,1479,68.79,5102,14,4,20,8,2025-07-27 01:30:33.942352,2025-07
Hyderabad,2BHK,1051,89.91,8911,4,3,18,5,2024-08-30 01:30:33.942358,2024-08
Pune,4BHK,1630,126.22,9610,21,18,24,6,2023-11-09 01:30:33.942365,2023-11
Hyderabad,4BHK,2540,84.96,3483,2,8,17,4,2025-05-11 01:30:33.942371,2025-05
Chennai,1BHK,653,47.89,7561,3,15,17,5,2025-07-13 01:30:33.942377,2025-07
Mumbai,3BHK,1045,86.37,9673,11,12,18,3,2024-12-04 01:30:33.942383,2024-12
Pune,4BHK,2176,166.92,8590,5,6,11,2,2023-11-26 01:30:33.942388,2023-11
Chennai,2BHK,939,78.72,8733,4,8,22,5,2024-04-28 01:30:33.942394,2024-04
Bangalore,1BHK,622,51.77,11209,21,18,20,2,2024-05-16 01:30:33.942400,2024-05
Bangalore,3BHK,1472,134.29,11696,22,9,23,5,2025-01-20 01:30:33.942406,2025-01
Chennai,4BHK,1659,80.21,5896,18,12,21,5,2023-08-26 01:30:33.942413,2023-08
Bangalore,1BHK,681,44.9,7166,0,19,25,1,2023-11-30 01:30:33.942419,2023-11
Hyderabad,4BHK,2200,166.26,8292,7,20,22,4,2023-10-30 01:30:33.942425,2023-10
Delhi,3BHK,1247,123.29,13840,24,5,25,2,2023-11-08 01:30:33.942432,2023-11
Hyderabad,1BHK,622,49.51,8375,1,19,21,3,2025-05-11 01:30:33.942438,2025-05
Bangalore,3BHK,1538,108.0,7324,6,5,22,6,2024-02-15 01:30:33.942444,2024-02
Pune,3BHK,1457,63.88,5487,15,10,20,2,2024-04-19 01:30:33.942451,2024-04
Mumbai,2BHK,572,91.91,19321,23,13,25,9,2024-08-02 01:30:33.942457,2024-08
Mumbai,4BHK,1131,133.55,12173,3,15,20,5,2023-12-22 01:30:33.942463,2023-12
Chennai,3BHK,1050,74.55,7734,15,1,20,9,2024-09-10 01:30:33.942469,2024-09
Pune,2BHK,695,46.7,8312,14,10,23,2,2025-03-21 01:30:33.942475,2025-03
Mumbai,1BHK,381,83.62,20951,3,4,11,9,2025-03-26 01:30:33.942481,2025-03
Chennai,4BHK,1956,127.83,7716,23,18,24,10,2025-03-06 01:30:33.942487,2025-03
Chennai,1BHK,577,40.53,7485,8,2,24,6,2025-01-01 01:30:33.942493,2025-01
Chennai,4BHK,1805,151.66,8492,3,12,20,6,2025-06-10 01:30:33.942499,2025-06
Chennai,3BHK,1096,82.82,8966,14,3,24,4,2023-10-24 01:30:33.942505,2023-10
Hyderabad,1BHK,535,40.78,8364,7,5,23,4,2025-06-02 01:30:33.942511,2025-06
Pune,2BHK,990,51.22,5795,7,11,23,3,2023-12-10 01:30:33.942517,2023-12
Mumbai,3BHK,1071,205.38,20808,4,18,22,3,2025-04-21 01:30:33.942523,2025-04
Hyderabad,1BHK,562,12.98,3346,25,8,18,1,2025-02-14 01:30:33.942529,2025-02
Bangalore,1BHK,518,45.81,9933,16,4,6,8,2024-05-09 01:30:33.942535,2024-05
Bangalore,1BHK,618,43.41,8030,19,2,25,9,2024-10-07 01:30:33.942541,2024-10
Chennai,1BHK,456,34.3,9094,12,14,24,2,2024-03-27 01:30:33.942547,2024-03
Hyderabad,4BHK,1917,147.5,9095,10,20,21,2,2025-04-04 01:30:33.942553,2025-04
Bangalore,3BHK,1314,142.53,11957,16,10,24,9,2023-12-01 01:30:33.942559,2023-12
Chennai,1BHK,636,28.47,5380,20,18,21,7,2024-05-06 01:30:33.942565,2024-05
Delhi,4BHK,1747,207.48,14357,12,14,25,2,2024-09-25 01:30:33.942571,2024-09
Chennai,3BHK,1364,73.48,5970,4,16,17,2,2025-05-16 01:30:33.942577,2025-05
Mumbai,4BHK,1198,175.93,17935,11,5,22,1,2023-12-20 01:30:33.942583,2023-12
Pune,3BHK,1367,58.57,5233,11,14,25,1,2024-10-21 01:30:33.942589,2024-10
Pune,3BHK,1188,54.17,5121,16,7,11,8,2024-12-25 01:30:33.942596,2024-12
Mumbai,3BHK,1065,168.41,15675,3,9,16,7,2024-01-15 01:30:33.942602,2024-01
Pune,1BHK,610,46.01,10074,22,9,9,3,2024-11-05 01:30:33.942608,2024-11
Hyderabad,3BHK,1782,106.99,5458,0,6,10,10,2023-10-08 01:30:33.942614,2023-10
Chennai,1BHK,479,37.61,8012,0,3,19,4,2024-07-22 01:30:33.942620,2024-07
Chennai,4BHK,1923,107.04,5561,9,11,23,10,2023-12-10 01:30:33.942627,2023-12
Mumbai,1BHK,351,29.1,10888,19,2,23,2,2024-11-06 01:30:33.942633,2024-11
Chennai,4BHK,2086,146.0,7449,13,9,15,9,2025-04-17 01:30:33.942638,2025-04
Bangalore,4BHK,1815,97.02,6265,21,19,22,9,2023-09-28 01:30:33.942644,2023-09
Bangalore,1BHK,547,31.1,7162,19,2,2,4,2024-10-07 01:30:33.942650,2024-10
Delhi,2BHK,730,77.21,10484,3,1,16,7,2025-02-13 01:30:33.942657,2025-02
Delhi,4BHK,1945,206.81,13466,16,18,23,2,2024-07-01 01:30:33.942662,2024-07
Hyderabad,1BHK,664,22.81,3371,2,11,20,7,2024-01-02 01:30:33.942668,2024-01
Chennai,4BHK,1865,110.43,5383,0,11,13,10,2024-04-27 01:30:33.942674,2024-04
Hyderabad,3BHK,1228,79.77,6088,3,8,21,10,2024-06-27 01:30:33.942680,2024-06
Pune,1BHK,551,42.08,9723,23,11,14,6,2025-02-20 01:30:33.942686,2025-02
Mumbai,1BHK,428,47.21,15119,24,12,17,3,2024-12-13 01:30:33.942693,2024-12
Mumbai,2BHK,584,50.54,11367,19,5,25,2,2025-02-11 01:30:33.942699,2025-02
Hyderabad,4BHK,2437,166.1,8153,24,19,22,10,2023-10-23 01:30:33.942705,2023-10
Hyderabad,3BHK,1744,141.07,9561,10,5,19,2,2024-04-18 01:30:33.942711,2024-04
Chennai,3BHK,1437,80.95,6053,1,12,20,2,2024-09-28 01:30:33.942717,2024-09
Chennai,4BHK,1581,69.49,5138,9,3,23,2,2023-11-21 01:30:33.942723,2023-11
Pune,4BHK,2060,135.64,7981,25,2,16,10,2023-10-14 01:30:33.942729,2023-10
Delhi,3BHK,1209,129.0,11824,4,2,16,2,2024-08-25 01:30:33.942735,2024-08
Hyderabad,1BHK,687,53.7,7449,1,8,22,8,2024-02-22 01:30:33.942741,2024-02
Pune,2BHK,864,54.03,6737,9,13,19,6,2023-09-16 01:30:33.942747,2023-09
Pune,1BHK,617,54.74,8383,2,11,12,9,2023-09-17 01:30:33.942753,2023-09
Chennai,3BHK,1131,72.35,7939,21,20,21,6,2025-05-20 01:30:33.942759,2025-05
Pune,2BHK,856,47.92,6361,20,13,15,10,2023-08-17 01:30:33.942765,2023-08
Mumbai,3BHK,948,92.28,13520,25,11,24,3,2023-09-25 01:30:33.942771,2023-09
Hyderabad,1BHK,734,47.84,7607,16,12,12,6,2024-09-29 01:30:33.942778,2024-09
Delhi,2BHK,774,96.15,15223,15,7,14,3,2025-03-06 01:30:33.942784,2025-03
Mumbai,3BHK,1065,168.42,18457,16,18,18,6,2023-11-18 01:30:33.942790,2023-11
Delhi,4BHK,1557,123.17,9568,22,20,21,8,2025-06-28 01:30:33.942797,2025-06
Chennai,3BHK,1370,98.94,7922,14,20,22,8,2024-12-15 01:30:33.942802,2024-12
Pune,2BHK,833,65.59,10293,25,16,19,6,2023-09-17 01:30:33.942808,2023-09
Pune,4BHK,2059,154.06,9116,24,13,21,9,2024-06-09 01:30:33.942814,2024-06
Delhi,2BHK,670,105.2,14685,1,16,21,9,2025-04-28 01:30:33.942820,2025-04
Hyderabad,1BHK,613,23.87,3795,5,9,23,9,2025-03-14 01:30:33.942826,2025-03
Chennai,1BHK,501,34.17,8330,11,1,14,1,2024-07-02 01:30:33.942832,2024-07
Pune,3BHK,1122,68.95,6816,2,12,15,1,2024-09-19 01:30:33.942839,2024-09
Mumbai,3BHK,1044,106.68,10752,1,10,25,3,2023-08-20 01:30:33.942845,2023-08
Chennai,4BHK,1545,129.1,8704,0,9,15,3,2024-01-28 01:30:33.942852,2024-01
Hyderabad,4BHK,1966,139.53,8295,7,10,13,1,2024-12-10 01:30:33.942858,2024-12
Chennai,4BHK,1610,67.55,5365,15,20,24,1,2023-11-03 01:30:33.942864,2023-11
Pune,2BHK,740,45.3,6247,0,20,22,4,2024-01-05 01:30:33.942870,2024-01
Chennai,2BHK,707,48.24,7098,11,3,19,9,2024-03-10 01:30:33.942876,2024-03
Pune,1BHK,548,52.84,9739,1,13,18,5,2025-07-26 01:30:33.942882,2025-07
Bangalore,1BHK,585,27.95,5929,21,4,22,6,2025-03-28 01:30:33.942888,2025-03
Mumbai,3BHK,943,104.45,13062,20,6,20,8,2023-11-04 01:30:33.942894,2023-11
Delhi,2BHK,632,72.2,13555,14,2,11,4,2025-06-28 01:30:33.942901,2025-06
Delhi,1BHK,480,64.62,15120,16,13,21,8,2024-11-25 01:30:33.942907,2024-11
Mumbai,2BHK,596,61.37,13283,24,2,22,6,2024-11-05 01:30:33.942913,2024-11
Mumbai,3BHK,898,138.75,19673,23,15,21,6,2025-02-01 01:30:33.942918,2025-02
Chennai,4BHK,1953,149.83,8782,16,9,11,7,2025-05-23 01:30:33.942924,2025-05
Chennai,2BHK,966,57.47,6133,3,3,13,5,2024-10-02 01:30:33.942930,2024-10
Chennai,4BHK,1727,122.24,7797,11,15,15,6,2023-11-21 01:30:33.942936,2023-11
Chennai,3BHK,1349,125.23,9016,1,3,24,7,2024-08-04 01:30:33.942943,2024-08
Pune,2BHK,676,28.15,5356,19,15,15,3,2025-06-04 01:30:33.942949,2025-06
Delhi,3BHK,1085,95.28,11156,18,2,21,3,2023-09-16 01:30:33.942957,2023-09
Chennai,3BHK,1199,85.84,6764,2,19,20,9,2024-08-01 01:30:33.942964,2024-08
Chennai,3BHK,1355,76.59,6070,3,1,24,3,2024-03-18 01:30:33.942970,2024-03
Pune,4BHK,2172,84.22,5206,24,9,23,4,2023-11-24 01:30:33.942976,2023-11
Bangalore,4BHK,1924,99.55,4981,2,15,17,8,2025-05-14 01:30:33.942982,2025-05
Hyderabad,3BHK,1613,87.07,5508,2,18,22,5,2025-03-03 01:30:33.942988,2025-03
Hyderabad,2BHK,1020,63.57,6556,3,7,11,4,2024-03-24 01:30:33.942994,2024-03
Mumbai,3BHK,946,142.0,15867,14,18,20,10,2025-05-15 01:30:33.943001,2025-05
Mumbai,3BHK,882,148.29,20995,23,16,24,7,2024-06-18 01:30:33.943006,2024-06
Pune,1BHK,475,41.63,10334,20,3,17,8,2023-09-15 01:30:33.943012,2023-09
Pune,3BHK,1061,75.61,9767,24,18,20,3,2024-05-25 01:30:33.943018,2024-05
Pune,1BHK,474,33.47,7608,9,6,11,6,2023-08-16 01:30:33.943025,2023-08
Delhi,3BHK,1385,187.42,15174,9,3,11,4,2023-10-31 01:30:33.943031,2023-10
Pune,3BHK,1060,76.5,8250,19,18,19,9,2023-10-25 01:30:33.943037,2023-10
Delhi,2BHK,687,76.47,13142,23,20,22,10,2025-06-30 01:30:33.943043,2025-06
Mumbai,1BHK,328,49.79,20382,24,19,21,4,2024-01-04 01:30:33.943049,2024-01
Chennai,1BHK,579,43.98,8633,17,10,19,8,2024-12-04 01:30:33.943055,2024-12
Hyderabad,4BHK,2215,113.51,6198,22,2,7,8,2024-06-12 01:30:33.943061,2024-06
Chennai,4BHK,1768,109.55,6328,4,11,24,6,2024-08-23 01:30:33.943067,2024-08
Chennai,2BHK,867,62.95,7062,3,11,14,8,2025-04-08 01:30:33.943073,2025-04
Bangalore,4BHK,1983,110.72,5127,1,10,22,10,2024-06-09 01:30:33.943079,2024-06
Delhi,2BHK,767,85.74,15123,23,11,14,3,2024-03-19 01:30:33.943085,2024-03
Pune,4BHK,2101,181.53,9774,15,1,3,7,2024-03-12 01:30:33.943091,2024-03
Chennai,2BHK,781,60.24,7350,1,2,11,8,2023-12-09 01:30:33.943097,2023-12
Hyderabad,4BHK,2199,143.72,6738,3,14,16,5,2024-08-02 01:30:33.943103,2024-08
Chennai,3BHK,1015,55.88,6582,18,18,21,6,2024-01-23 01:30:33.943108,2024-01
Bangalore,1BHK,597,40.1,8034,24,18,22,10,2023-09-15 01:30:33.943115,2023-09
Pune,1BHK,475,44.13,10350,12,12,24,6,2024-01-18 01:30:33.943121,2024-01
Bangalore,2BHK,841,60.05,8819,12,17,17,1,2025-07-03 01:30:33.943126,2025-07
Delhi,3BHK,1311,143.81,11810,14,5,24,9,2025-03-21 01:30:33.943132,2025-03
Bangalore,3BHK,1179,73.67,7143,19,10,20,9,2024-03-08 01:30:33.943138,2024-03
Pune,4BHK,2173,128.64,6298,0,12,17,2,2024-06-11 01:30:33.943145,2024-06
Pune,3BHK,1437,117.53,9892,22,1,20,8,2024-11-13 01:30:33.943151,2024-11
Hyderabad,2BHK,813,52.21,7042,5,17,23,3,2023-09-14 01:30:33.943158,2023-09
Delhi,1BHK,546,85.48,15227,3,7,7,8,2024-09-24 01:30:33.943163,2024-09
Chennai,2BHK,892,55.69,7800,13,17,24,1,2023-08-20 01:30:33.943169,2023-08
Delhi,2BHK,887,78.27,10740,21,16,24,7,2024-09-24 01:30:33.943175,2024-09
Delhi,4BHK,1945,184.3,10864,11,9,24,4,2024-12-02 01:30:33.943181,2024-12
Bangalore,3BHK,1218,135.48,11531,9,10,16,8,2024-09-21 01:30:33.943187,2024-09
Chennai,3BHK,1304,81.09,8821,25,9,18,2,2024-01-02 01:30:33.943193,2024-01
Hyderabad,4BHK,2345,140.5,8569,24,5,14,1,2024-10-21 01:30:33.943199,2024-10
Hyderabad,1BHK,634,46.01,9256,20,9,24,4,2025-01-17 01:30:33.943206,2025-01
Pune,3BHK,1514,120.61,7872,8,5,8,10,2023-12-20 01:30:33.943213,2023-12
Delhi,2BHK,625,63.86,13222,16,8,15,1,2025-05-01 01:30:33.943219,2025-05
Chennai,3BHK,1393,81.82,6884,21,5,5,9,2025-03-03 01:30:33.943224,2025-03
Chennai,4BHK,2076,120.41,7632,24,10,20,5,2023-10-20 01:30:33.943230,2023-10
Mumbai,1BHK,452,61.99,15889,17,2,7,7,2025-02-12 01:30:33.943237,2025-02
Mumbai,4BHK,1525,121.37,11235,23,10,11,1,2024-10-10 01:30:33.943244,2024-10
Pune,1BHK,533,25.41,6207,20,18,25,3,2024-03-13 01:30:33.943253,2024-03
Chennai,3BHK,1097,81.92,8297,10,6,20,5,2025-02-02 01:30:33.943259,2025-02
Mumbai,3BHK,1043,113.66,12540,21,7,12,10,2023-10-27 01:30:33.943265,2023-10
Chennai,4BHK,2119,112.37,6277,12,4,9,3,2024-04-10 01:30:33.943272,2024-04
Bangalore,2BHK,723,41.74,6086,7,15,19,6,2024-10-06 01:30:33.943279,2024-10
Pune,1BHK,512,31.62,8422,22,8,9,2,2024-04-22 01:30:33.943285,2024-04
Bangalore,2BHK,968,71.64,9488,22,10,13,5,2024-07-31 01:30:33.943291,2024-07
Pune,2BHK,783,75.0,10244,15,5,19,10,2024-07-25 01:30:33.943297,2024-07
Chennai,4BHK,2145,180.04,8268,6,8,10,9,2024-05-11 01:30:33.943303,2024-05
Pune,3BHK,1032,108.14,10003,3,2,19,9,2025-01-16 01:30:33.943309,2025-01
Pune,2BHK,752,40.04,6468,16,15,16,4,2023-12-23 01:30:33.943315,2023-12
Chennai,1BHK,583,42.21,6771,1,15,17,9,2024-06-12 01:30:33.943321,2024-06
Chennai,1BHK,597,31.86,6841,25,10,10,7,2024-11-24 01:30:33.943327,2024-11
Mumbai,2BHK,716,57.83,9876,13,12,23,2,2024-02-04 01:30:33.943333,2024-02
Mumbai,1BHK,416,35.31,9380,13,6,10,7,2024-07-24 01:30:33.943340,2024-07
Chennai,4BHK,1964,102.5,6477,21,18,20,6,2025-04-12 01:30:33.943346,2025-04
Delhi,4BHK,1941,154.71,9316,7,1,25,1,2024-10-10 01:30:33.943352,2024-10
Chennai,4BHK,2138,131.66,6492,7,8,22,6,2025-03-06 01:30:33.943358,2025-03
Bangalore,2BHK,788,24.38,4257,21,14,23,1,2024-12-08 01:30:33.943364,2024-12
Delhi,1BHK,425,42.62,12676,14,20,25,1,2024-12-04 01:30:33.943370,2024-12
Hyderabad,1BHK,652,31.71,6103,17,7,8,3,2024-03-14 01:30:33.943376,2024-03
Bangalore,2BHK,1072,56.88,6551,19,11,14,5,2025-03-18 01:30:33.943384,2025-03
Hyderabad,2BHK,1054,56.46,5203,1,18,20,7,2024-01-20 01:30:33.943390,2024-01
Chennai,1BHK,536,40.49,8854,21,13,25,9,2024-09-19 01:30:33.943397,2024-09
Hyderabad,4BHK,2363,93.0,4219,12,6,23,8,2024-12-08 01:30:33.943403,2024-12
Delhi,3BHK,1339,146.35,13494,25,15,15,9,2024-06-15 01:30:33.943409,2024-06
Chennai,2BHK,877,45.88,5920,6,11,21,2,2024-05-08 01:30:33.943415,2024-05
Bangalore,1BHK,644,61.67,9796,6,2,10,7,2023-09-22 01:30:33.943421,2023-09
Pune,1BHK,459,21.2,5628,24,19,24,9,2025-01-01 01:30:33.943427,2025-01
Chennai,2BHK,847,49.15,6173,0,7,13,2,2024-04-08 01:30:33.943433,2024-04
Delhi,2BHK,803,99.89,14988,17,11,23,5,2024-07-18 01:30:33.943439,2024-07
Chennai,3BHK,1162,55.03,5998,16,16,23,2,2024-04-18 01:30:33.943445,2024-04
Bangalore,2BHK,946,59.69,6503,1,19,25,4,2025-03-15 01:30:33.943451,2025-03
Mumbai,3BHK,946,150.55,20217,18,14,18,3,2025-01-23 01:30:33.943458,2025-01
Bangalore,2BHK,952,77.28,8558,7,16,24,6,2024-11-21 01:30:33.943463,2024-11
Chennai,4BHK,2058,83.07,5606,25,12,14,3,2024-01-30 01:30:33.943469,2024-01
Chennai,2BHK,964,81.27,9059,1,17,17,2,2023-09-27 01:30:33.943475,2023-09
Mumbai,1BHK,404,33.04,10649,20,8,10,3,2025-08-02 01:30:33.943482,2025-08
Delhi,4BHK,1782,133.51,8835,20,20,23,8,2025-07-26 01:30:33.943488,2025-07
Mumbai,4BHK,1129,73.58,9200,23,9,18,1,2024-03-15 01:30:33.943494,2024-03
Hyderabad,4BHK,2057,77.14,3945,3,17,19,4,2025-01-27 01:30:33.943500,2025-01
Pune,3BHK,1448,73.4,6626,25,13,14,6,2024-06-22 01:30:33.943506,2024-06
Chennai,2BHK,786,49.34,6159,2,2,4,7,2024-07-19 01:30:33.943512,2024-07
Chennai,4BHK,1602,100.32,7574,22,6,8,8,2024-05-24 01:30:33.943518,2024-05
Hyderabad,3BHK,1545,141.02,9602,3,17,17,4,2025-01-07 01:30:33.943525,2025-01
Hyderabad,4BHK,2180,72.85,3552,2,9,10,3,2024-09-23 01:30:33.943532,2024-09
Mumbai,2BHK,720,60.26,10730,22,13,14,5,2025-02-26 01:30:33.943537,2025-02
Pune,2BHK,979,85.18,9507,12,18,23,7,2025-03-21 01:30:33.943544,2025-03
Hyderabad,1BHK,686,51.4,8095,11,2,5,7,2024-12-17 01:30:33.943550,2024-12
Mumbai,3BHK,967,145.63,18228,19,13,25,6,2025-07-12 01:30:33.943557,2025-07
Hyderabad,3BHK,1691,150.59,9701,15,8,19,9,2024-07-23 01:30:33.943562,2024-07
Chennai,2BHK,988,72.82,7674,2,20,22,4,2025-05-28 01:30:33.943568,2025-05
Mumbai,3BHK,782,81.11,13559,25,5,17,6,2024-08-07 01:30:33.943574,2024-08
Mumbai,1BHK,320,55.91,20315,14,12,24,5,2025-04-29 01:30:33.943581,2025-04
Delhi,1BHK,447,40.12,11503,17,18,24,2,2025-07-16 01:30:33.943587,2025-07
Mumbai,3BHK,946,80.62,10116,19,11,24,7,2025-07-30 01:30:33.943593,2025-07
Bangalore,4BHK,2156,186.87,10233,23,18,21,10,2024-02-25 01:30:33.943599,2024-02
Delhi,4BHK,1573,129.16,9399,9,9,24,3,2025-06-08 01:30:33.943605,2025-06
Delhi,4BHK,1682,163.43,11431,15,3,14,5,2024-12-02 01:30:33.943611,2024-12
Hyderabad,4BHK,2080,129.29,6226,4,10,10,7,2024-09-05 01:30:33.943616,2024-09
Pune,4BHK,1910,118.66,7141,13,20,21,5,2024-09-17 01:30:33.943622,2024-09
Pune,2BHK,929,55.33,6385,12,11,15,8,2023-12-31 01:30:33.943628,2023-12
Delhi,3BHK,1092,80.2,10418,25,13,18,2,2024-01-12 01:30:33.943635,2024-01
Delhi,2BHK,881,61.79,8593,23,15,18,8,2024-10-17 01:30:33.943642,2024-10
Hyderabad,1BHK,655,47.94,7624,4,10,17,5,2023-10-07 01:30:33.943648,2023-10
Delhi,4BHK,1786,134.38,8932,19,16,25,7,2024-02-11 01:30:33.943654,2024-02
Pune,4BHK,2151,84.94,4720,11,18,19,2,2024-11-30 01:30:33.943660,2024-11
Hyderabad,3BHK,1280,98.25,7455,1,19,24,7,2024-09-06 01:30:33.943666,2024-09
Chennai,1BHK,442,23.59,5314,7,17,25,9,2023-12-26 01:30:33.943672,2023-12
Hyderabad,2BHK,1076,56.78,5681,14,19,24,9,2025-03-10 01:30:33.943677,2025-03
Bangalore,1BHK,627,25.32,4836,13,3,6,3,2024-08-20 01:30:33.943683,2024-08
Bangalore,3BHK,1359,124.32,10274,16,16,21,8,2025-05-04 01:30:33.943689,2025-05
Chennai,4BHK,1898,99.32,5182,1,4,4,6,2023-10-18 01:30:33.943695,2023-10
Mumbai,2BHK,579,78.84,15191,17,6,16,9,2024-06-01 01:30:33.943701,2024-06
Chennai,2BHK,887,58.48,7544,5,14,20,1,2023-11-22 01:30:33.943707,2023-11
Delhi,4BHK,1839,160.64,11199,22,7,13,5,2023-08-22 01:30:33.943713,2023-08
Mumbai,1BHK,429,40.8,11243,10,7,21,2,2024-11-16 01:30:33.943719,2024-11
Hyderabad,4BHK,2522,237.89,9528,10,20,23,10,2024-07-06 01:30:33.943725,2024-07
Pune,1BHK,537,30.53,6611,14,20,21,5,2023-11-21 01:30:33.943731,2023-11
Pune,1BHK,629,30.41,5303,3,8,17,2,2025-02-05 01:30:33.943737,2025-02
Bangalore,2BHK,1033,61.85,7107,19,5,23,7,2024-06-04 01:30:33.943743,2024-06
Delhi,4BHK,1950,200.56,13392,20,6,23,3,2024-03-28 01:30:33.943750,2024-03
Bangalore,2BHK,834,47.67,6516,14,20,20,6,2025-08-02 01:30:33.943755,2025-08
Chennai,2BHK,768,55.18,8323,17,17,24,7,2023-09-10 01:30:33.943762,2023-09
Chennai,4BHK,2039,136.14,6952,2,19,19,4,2024-10-16 01:30:33.943768,2024-10
Mumbai,3BHK,812,126.34,15451,5,15,24,8,2024-01-27 01:30:33.943774,2024-01
Pune,1BHK,600,25.54,5185,24,18,23,9,2025-06-30 01:30:33.943780,2025-06
Hyderabad,4BHK,2546,101.37,4670,13,4,24,4,2024-10-11 01:30:33.943786,2024-10
Mumbai,4BHK,1335,169.01,13182,2,15,16,4,2025-01-09 01:30:33.943793,2025-01
Hyderabad,3BHK,1742,120.63,7869,20,14,16,10,2025-03-22 01:30:33.943799,2025-03
Delhi,2BHK,630,66.69,12504,17,9,14,6,2023-08-22 01:30:33.943805,2023-08
Bangalore,3BHK,1431,76.73,6138,16,4,8,7,2025-06-12 01:30:33.943811,2025-06
Bangalore,2BHK,800,36.67,5997,22,11,24,4,2023-09-19 01:30:33.943817,2023-09
Chennai,4BHK,1699,121.37,7325,8,14,20,8,2025-05-26 01:30:33.943824,2025-05
Hyderabad,1BHK,653,42.04,6601,8,12,19,8,2024-09-10 01:30:33.943830,2024-09
Pune,1BHK,657,62.94,9583,2,15,25,6,2025-06-08 01:30:33.943836,2025-06
Pune,4BHK,1785,176.42,10308,6,16,20,6,2024-10-25 01:30:33.943842,2024-10
Bangalore,2BHK,1066,79.58,10819,25,11,25,1,2025-06-25 01:30:33.943848,2025-06
Mumbai,4BHK,1132,103.78,10490,5,15,22,1,2024-05-30 01:30:33.943854,2024-05
Delhi,2BHK,754,67.53,9544,8,3,23,6,2024-11-28 01:30:33.943860,2024-11
Mumbai,3BHK,992,187.02,19845,5,2,14,5,2023-08-26 01:30:33.943865,2023-08
Delhi,4BHK,1493,188.98,13466,0,7,22,2,2025-03-29 01:30:33.943871,2025-03
Pune,2BHK,951,83.22,8579,0,1,23,6,2025-04-10 01:30:33.943877,2025-04
Chennai,2BHK,928,39.89,5197,12,3,6,2,2024-09-25 01:30:33.943884,2024-09
Bangalore,3BHK,1164,59.97,7061,24,5,25,3,2025-06-02 01:30:33.943890,2025-06
Pune,1BHK,611,43.26,8400,14,12,23,4,2023-11-07 01:30:33.943897,2023-11
Hyderabad,2BHK,1053,61.75,7254,14,7,9,2,2025-03-21 01:30:33.943903,2025-03
Mumbai,4BHK,1407,260.33,20558,10,5,12,5,2023-10-21 01:30:33.943909,2023-10
Mumbai,2BHK,706,81.08,16211,23,20,22,1,2023-10-07 01:30:33.943914,2023-10
Bangalore,2BHK,1038,79.49,8855,6,13,17,1,2024-12-09 01:30:33.943920,2024-12
Chennai,4BHK,1666,85.1,5912,20,20,20,9,2025-07-30 01:30:33.943926,2025-07
Bangalore,3BHK,1160,72.88,7094,18,14,19,9,2023-09-12 01:30:33.943933,2023-09
Delhi,4BHK,1474,120.61,8520,2,1,9,4,2025-07-02 01:30:33.943939,2025-07
Mumbai,4BHK,1534,154.76,12437,22,17,23,7,2023-08-24 01:30:33.943946,2023-08
Chennai,1BHK,619,33.71,7153,19,5,13,2,2024-09-28 01:30:33.943952,2024-09
Mumbai,2BHK,543,69.33,15436,12,19,24,2,2024-09-28 01:30:33.943958,2024-09
Hyderabad,4BHK,2137,80.49,3626,2,14,15,8,2023-11-24 01:30:33.943964,2023-11
Pune,1BHK,526,32.48,8496,21,6,9,1,2023-08-18 01:30:33.943969,2023-08
Delhi,1BHK,441,47.0,11974,11,17,25,5,2025-02-22 01:30:33.943975,2025-02
Bangalore,2BHK,884,87.96,9863,3,1,11,7,2024-11-06 01:30:33.943981,2024-11
Pune,1BHK,513,39.12,8773,18,3,18,8,2024-03-06 01:30:33.943987,2024-03
Bangalore,1BHK,632,65.29,10874,5,12,14,5,2025-04-28 01:30:33.943993,2025-04
Pune,1BHK,503,44.09,8944,0,2,2,4,2025-06-25 01:30:33.944000,2025-06
Chennai,3BHK,1205,104.34,8764,5,2,19,7,2024-12-25 01:30:33.944007,2024-12
Bangalore,2BHK,975,109.32,11326,10,9,11,10,2024-07-26 01:30:33.944013,2024-07
Mumbai,1BHK,356,32.83,11678,16,2,14,2,2024-04-22 01:30:33.944019,2024-04
Bangalore,3BHK,1280,50.61,4691,14,1,12,4,2024-10-17 01:30:33.944025,2024-10
Pune,3BHK,1405,105.49,8236,14,12,21,8,2025-01-23 01:30:33.944030,2025-01
Hyderabad,2BHK,880,27.21,3291,13,1,8,9,2024-08-22 01:30:33.944036,2024-08
Hyderabad,1BHK,630,16.22,3259,21,13,24,5,2025-04-27 01:30:33.944042,2025-04
Delhi,2BHK,814,90.46,11942,1,5,13,2,2025-06-28 01:30:33.944048,2025-06
Delhi,4BHK,1781,150.82,11700,23,3,21,2,2024-03-12 01:30:33.944054,2024-03
Delhi,4BHK,1476,177.61,12661,1,14,24,3,2024-12-12 01:30:33.944060,2024-12
Bangalore,3BHK,1602,79.9,6520,25,13,24,6,2024-09-20 01:30:33.944066,2024-09
Chennai,3BHK,1120,51.59,5213,6,5,23,2,2025-03-05 01:30:33.944072,2025-03
Mumbai,2BHK,664,85.98,14592,13,4,21,6,2025-01-11 01:30:33.944078,2025-01
Chennai,3BHK,1250,72.91,6013,3,3,8,5,2023-08-21 01:30:33.944085,2023-08
Hyderabad,1BHK,591,45.26,8683,10,5,7,4,2024-08-12 01:30:33.944091,2024-08
Chennai,1BHK,630,39.05,6155,5,1,13,8,2024-01-20 01:30:33.944097,2024-01
Hyderabad,2BHK,842,36.33,6253,25,5,8,1,2025-06-09 01:30:33.944102,2025-06
Delhi,2BHK,701,98.34,14330,11,3,21,10,2024-11-19 01:30:33.944108,2024-11
Mumbai,1BHK,332,28.39,11373,20,15,17,2,2024-09-06 01:30:33.944114,2024-09
Mumbai,1BHK,414,33.92,9607,18,14,25,7,2024-03-21 01:30:33.944120,2024-03
Mumbai,4BHK,1468,152.8,11073,6,6,14,5,2024-05-12 01:30:33.944126,2024-05
Delhi,1BHK,557,69.27,12858,7,10,25,7,2024-01-26 01:30:33.944132,2024-01
Chennai,1BHK,464,29.23,6075,4,14,17,9,2024-11-29 01:30:33.944138,2024-11
Hyderabad,1BHK,646,50.78,8332,11,16,24,8,2024-08-24 01:30:33.944144,2024-08
Pune,3BHK,1207,72.41,6122,0,11,20,4,2025-07-12 01:30:33.944149,2025-07
Bangalore,1BHK,624,37.49,8235,24,19,20,3,2025-05-01 01:30:33.944155,2025-05
Delhi,2BHK,736,74.33,12242,25,2,9,10,2024-07-10 01:30:33.944162,2024-07
Bangalore,2BHK,828,40.39,5892,10,12,21,1,2023-08-22 01:30:33.944168,2023-08
Hyderabad,3BHK,1800,127.1,6939,4,19,20,8,2024-02-03 01:30:33.944174,2024-02
Bangalore,2BHK,1021,40.01,4303,1,8,15,1,2024-02-19 01:30:33.944180,2024-02
Chennai,1BHK,532,42.03,8755,6,5,15,3,2024-09-14 01:30:33.944186,2024-09
Mumbai,1BHK,349,54.81,16039,4,4,20,6,2025-05-29 01:30:33.944192,2025-05
Bangalore,4BHK,2400,100.81,4808,9,11,13,3,2024-05-21 01:30:33.944198,2024-05
Hyderabad,4BHK,2241,79.88,4382,17,20,22,4,2023-09-30 01:30:33.944204,2023-09
Pune,2BHK,872,41.4,6340,22,10,14,3,2025-08-10 01:30:33.944210,2025-08
Hyderabad,4BHK,2575,79.38,3460,19,11,25,10,2024-12-28 01:30:33.944216,2024-12
Hyderabad,1BHK,685,22.4,4164,23,3,10,6,2024-09-18 01:30:33.944222,2024-09
Delhi,1BHK,581,54.43,13224,23,11,18,1,2024-11-13 01:30:33.944228,2024-11
Delhi,2BHK,634,47.78,10923,25,4,4,1,2024-07-12 01:30:33.944234,2024-07
Chennai,4BHK,1727,136.58,8615,15,13,18,9,2024-07-23 01:30:33.944239,2024-07
Mumbai,4BHK,1592,224.11,16811,21,8,13,8,2025-05-28 01:30:33.944246,2025-05
Mumbai,3BHK,728,86.94,12824,3,3,13,3,2024-07-23 01:30:33.944253,2024-07
Delhi,1BHK,540,88.37,15181,2,11,20,10,2024-04-04 01:30:33.944259,2024-04
Hyderabad,1BHK,663,56.69,9375,5,20,23,3,2025-06-18 01:30:33.944264,2025-06
Mumbai,3BHK,804,144.74,20692,13,18,22,5,2024-10-11 01:30:33.944270,2024-10
Delhi,1BHK,412,35.32,11228,17,16,18,1,2024-08-07 01:30:33.944276,2024-08
Mumbai,4BHK,1191,115.57,12534,21,20,23,4,2025-05-04 01:30:33.944282,2025-05
Mumbai,2BHK,549,89.62,16658,2,16,17,5,2024-06-30 01:30:33.944287,2024-06
Chennai,4BHK,1838,82.19,5282,17,13,15,6,2024-07-17 01:30:33.944293,2024-07
Bangalore,2BHK,993,36.46,4356,14,15,19,4,2024-11-09 01:30:33.944299,2024-11
Pune,1BHK,481,34.93,9013,21,4,6,6,2024-02-04 01:30:33.944305,2024-02
Chennai,2BHK,971,47.58,5156,12,17,23,9,2023-09-08 01:30:33.944311,2023-09
Chennai,2BHK,927,55.23,6155,12,2,18,10,2024-02-29 01:30:33.944319,2024-02
Pune,2BHK,727,62.47,10195,14,6,11,4,2025-01-26 01:30:33.944325,2025-01
Delhi,1BHK,508,34.54,8964,21,14,17,3,2023-12-11 01:30:33.944331,2023-12
Bangalore,3BHK,1639,125.49,9816,25,3,5,7,2024-01-20 01:30:33.944337,2024-01
Chennai,3BHK,1471,84.33,6060,14,1,23,10,2023-12-19 01:30:33.944343,2023-12
Pune,4BHK,1666,122.9,6986,4,19,23,10,2025-05-01 01:30:33.944348,2025-05
Mumbai,1BHK,378,67.91,19409,11,14,18,7,2023-10-11 01:30:33.944355,2023-10
Chennai,4BHK,1581,86.05,5623,12,5,24,10,2023-09-14 01:30:33.944361,2023-09
Hyderabad,4BHK,1870,103.86,5822,10,8,9,8,2024-11-09 01:30:33.944367,2024-11
Bangalore,1BHK,583,59.27,10539,9,10,18,8,2023-08-30 01:30:33.944373,2023-08
Hyderabad,1BHK,595,18.89,4123,23,15,20,5,2024-06-11 01:30:33.944379,2024-06
Pune,1BHK,492,31.22,7150,13,16,24,6,2025-06-15 01:30:33.944385,2025-06
Pune,2BHK,696,40.2,6366,16,13,15,9,2024-01-07 01:30:33.944391,2024-01
Mumbai,2BHK,558,94.11,19502,6,2,9,1,2024-05-01 01:30:33.944397,2024-05
Mumbai,3BHK,1008,106.26,11389,11,15,23,7,2023-10-31 01:30:33.944402,2023-10
Mumbai,1BHK,368,42.56,13469,19,15,17,8,2023-12-20 01:30:33.944409,2023-12
Pune,3BHK,1183,54.88,5481,8,3,12,1,2024-07-12 01:30:33.944415,2024-07
Mumbai,2BHK,713,120.57,18357,6,8,15,4,2024-11-09 01:30:33.944422,2024-11
Hyderabad,4BHK,2502,61.7,3380,24,1,16,3,2023-10-19 01:30:33.944429,2023-10
Delhi,1BHK,457,36.42,10217,25,10,18,7,2024-07-22 01:30:33.944435,2024-07
Bangalore,4BHK,1989,114.38,5745,9,17,23,10,2025-04-29 01:30:33.944441,2025-04
Mumbai,3BHK,949,121.16,16768,19,10,19,2,2024-04-05 01:30:33.944447,2024-04
Mumbai,3BHK,832,125.17,16687,8,9,18,4,2025-03-11 01:30:33.944453,2025-03
Pune,2BHK,691,49.33,9332,25,20,23,6,2023-09-14 01:30:33.944459,2023-09
Delhi,1BHK,567,64.29,11981,9,9,22,7,2024-07-10 01:30:33.944464,2024-07
Hyderabad,1BHK,713,44.99,7852,18,7,17,4,2023-09-09 01:30:33.944470,2023-09
Pune,4BHK,1943,139.23,7543,5,18,20,5,2025-05-04 01:30:33.944476,2025-05
Chennai,2BHK,805,49.9,7945,17,6,16,2,2024-12-27 01:30:33.944482,2024-12
Bangalore,2BHK,908,66.19,7363,10,12,16,10,2024-10-14 01:30:33.944489,2024-10
Chennai,1BHK,572,25.8,5125,20,19,23,10,2025-05-31 01:30:33.944495,2025-05
Chennai,2BHK,941,40.17,5403,21,13,21,5,2024-06-14 01:30:33.944500,2024-06
Mumbai,2BHK,536,106.91,20908,10,14,23,8,2025-03-18 01:30:33.944506,2025-03
Bangalore,2BHK,769,44.71,7900,20,6,16,1,2025-08-07 01:30:33.944513,2025-08
Chennai,3BHK,1107,81.75,8097,5,19,25,3,2024-03-28 01:30:33.944519,2024-03
Mumbai,2BHK,657,99.82,16601,12,14,21,7,2025-08-07 01:30:33.944525,2025-08
Mumbai,2BHK,632,106.75,20400,10,17,20,1,2023-09-19 01:30:33.944531,2023-09
Mumbai,2BHK,572,82.89,17322,11,10,14,2,2024-07-15 01:30:33.944537,2024-07
Pune,3BHK,1083,55.59,4891,1,10,19,8,2024-02-26 01:30:33.944543,2024-02
Pune,3BHK,1234,123.4,9827,4,11,25,8,2024-08-09 01:30:33.944550,2024-08
Delhi,2BHK,806,58.87,8537,7,5,11,1,2023-12-17 01:30:33.944556,2023-12
Pune,2BHK,729,39.07,6699,20,2,14,5,2024-02-11 01:30:33.944562,2024-02
Pune,1BHK,607,46.18,10468,21,4,24,1,2025-06-23 01:30:33.944567,2025-06
Hyderabad,1BHK,657,41.46,6138,3,18,22,8,2023-08-24 01:30:33.944573,2023-08
Delhi,2BHK,604,54.46,10568,21,4,25,9,2024-11-08 01:30:33.944579,2024-11
Pune,2BHK,895,82.33,9483,3,17,18,5,2025-04-17 01:30:33.944585,2025-04
Mumbai,4BHK,1282,155.71,16308,24,9,25,4,2024-08-10 01:30:33.944590,2024-08
Hyderabad,4BHK,2212,83.53,4292,17,16,19,8,2024-09-07 01:30:33.944596,2024-09
Delhi,1BHK,403,54.84,13235,3,19,24,8,2025-03-12 01:30:33.944602,2025-03
Mumbai,1BHK,468,76.13,17682,8,8,22,5,2024-11-14 01:30:33.944609,2024-11
Chennai,1BHK,467,39.21,8315,1,10,21,6,2024-06-01 01:30:33.944615,2024-06
Hyderabad,1BHK,551,45.99,8783,1,1,5,3,2024-09-09 01:30:33.944621,2024-09
Bangalore,4BHK,2008,221.33,11027,2,12,25,6,2025-02-05 01:30:33.944627,2025-02
Mumbai,4BHK,1447,289.94,20547,8,13,24,8,2024-06-06 01:30:33.944633,2024-06
Hyderabad,2BHK,854,25.41,4111,23,2,7,2,2024-06-11 01:30:33.944638,2024-06
Pune,4BHK,2180,181.03,8570,5,20,23,6,2023-11-24 01:30:33.944644,2023-11
Mumbai,2BHK,677,121.1,20044,3,14,21,1,2025-06-08 01:30:33.944650,2025-06
Bangalore,3BHK,1087,84.4,9636,21,17,20,6,2024-02-27 01:30:33.944656,2024-02
Pune,1BHK,561,45.96,8470,7,16,21,7,2025-03-12 01:30:33.944662,2025-03
Pune,1BHK,442,37.21,8360,5,17,24,8,2025-02-23 01:30:33.944670,2025-02
Mumbai,4BHK,1382,148.15,11890,8,2,18,4,2024-01-26 01:30:33.944677,2024-01
